1,2,3,4,5
8.887505585,9.245277702,24.18248466,38.11053806,41.14214584
6.031598851,5.510711581,38.32412334,41.40117873,29.66746259
34.97992308,32.45574361,106.1725103,121.4722418,184.3808055
12.43381822,11.96588748,11.86709593,63.75045648,87.27307167
64.45812573,851.1495398,154.1880093,165.9597583,76.76451329
0.876096102,22.74302526,32.37362895,62.91701466,49.16340597
8.14346301,8.297674996,35.77573852,0,354.6016891
30.67095511,29.82824721,30.06895546,391.2327756,390.4007899
22.02066815,1285.850122,138.3967899,316.1960914,127.7213464
10.1684504,9.029486175,9.287859037,41.25628003,51.23222225
7.151894092,16.37722758,8.87433105,165.7102519,61.22272557
59.8118518,116.7569086,151.2312762,133.1832548,67.46329236
16.51127727,16.39075248,16.58953722,92.80786025,104.8504347
14.63770347,24.98801764,13.90507327,0,114.3888165
19.77196146,34.64142164,30.70502074,24.55274382,45.30183359
129.2199609,57.58087762,57.35314037,137.1486533,134.9916469
25.29879766,6.793123806,16.10630028,33.23138065,99.23196692
17.11532518,8.548415077,8.590446183,61.23917057,103.317694
8.835278188,8.724057026,8.773285695,0,55.5863096
31.34592404,30.84092945,23.37750715,45.88528207,62.27742549
10.89213586,10.72139201,10.64186886,78.09535427,89.15213878
19.29597262,16.35602104,16.12481156,232.3905027,233.8624367
15.28328597,13.07750674,13.17807922,46.76504038,89.7020303
49.8527047,54.92589529,55.17498479,78.27091393,98.15926232
9.191581488,10.83948155,10.64125737,43.25928832,71.31922961
66.40637906,67.89378043,74.41716568,77.23511365,76.51014281
10.13124928,51.04233045,49.81869357,52.72389008,37.6275934
13.59791122,31.7684657,13.28135829,35.38901872,33.1219543
19.59379489,70.63107041,65.29258506,71.57758481,4109.253282
63.68555032,74.08026163,64.14565943,0,172.0599438
30.36031482,55.04052292,61.04950434,60.6418171,55.11115046
21.5418975,21.17257137,78.96776784,0,91.69612401
25.0365162,8.032547688,40.92102482,0,0
32.66586352,3.336867114,3.342632881,53.84696386,77.56485251
10.10967017,26.32282635,26.39987041,67.40975471,270.5057607
10.68774832,9.641519956,17997.896,0,47.36551814
9.660182514,10.15694291,10.38593533,0,0
23.91028344,25.33221131,25.0837308,68.52978284,82.50334869
36.6723853,44.51258639,47.40156041,49.65201533,47.39320996
7.462892372,241.8349956,235.5563437,232.8364828,166.4892674
2.053656839,0.009241339,0.22184215,41.23136121,0
4.374421398,31.52138065,20.90064632,40.03419877,57.0555165
14.83193674,11.75642708,11.93201012,50.45682134,142.3515873
2.804432654,15.78717728,15.96369952,49.27298771,61.56589472
36.92625932,36.59245263,30.01828287,47.59724133,55.18226218
28.46811284,28.82568945,28.47693095,0,424.6593626
13.26567001,1685.923029,12.25752963,0,0
3.324128832,4.117118276,59.48717152,84.34614029,94.45980883
11.46428016,13.5723392,51.60468637,0,80.37673252
27.08089864,154.8040141,153.7037545,155.6453206,155.7183909
48.08550384,8.868379465,1313.002418,1321.858279,1382.029973
1.505233699,1.712910232,1.43289081,0,48.20893724
26.7216343,83.77085727,72.51518273,184.3820692,161.6741727
15.0991912,115.777848,2.376940628,119.7693127,52.72200454
30.92385053,66.17479297,65.90321909,0,102.3212852
18.36355408,18.15012101,18.29502946,112.4226496,106.5512815
3.249393674,56.3604889,3.455037818,149.1673068,88.78550262
11.21321826,11.40310925,11.4939313,53.39843983,33.72449591
28.85103296,28.28641992,81.98704872,258.0399143,71.95138948
18.89818999,17.3874732,28.92022153,45.11243514,0
34.21588628,58.61589591,48.15447405,57.38131457,67.3170357
95.99598472,95.26937299,95.38150331,25.14552655,28.68885837
21.90671246,4653.814838,24.89537668,62.22823905,46.0583444
10.08083783,10.61016195,4203.328043,0,40.37355694
77.10368291,14.68131355,8.191409046,22.26877276,29.85610865
61.95480746,66.35299842,72.37923042,0,79.21782862
36.28700778,94.46529774,136.3766695,92.27794957,120.3064227
10.26954586,5.956093018,6.040035453,0,0
110.6349798,111.295313,111.2534674,235.6312698,353.8810957
5.681670333,8.118520289,8.441358986,62.54633551,139.9981488
15.30683632,4.559184411,4.391277313,0,100.2542298
54.68674475,52.99161786,52.44372033,0,146.602361
12.81458522,12.61293799,223.0655235,0,0
20.69751891,17.03416214,17.29491224,55.5300258,158.709141
4.312964137,0.028913159,0.311454419,56.03785567,94.71454176
20.09815606,19.90617124,19.63617132,194.0948328,205.710639
47.88645936,47.74851445,47.73660604,80.62819191,175.5313127
107.2598943,107.560993,107.4148306,200.8339983,103.1985836
6.922357805,237.8751399,6.699378722,246.4729137,270.7271095
22.54641012,25.78881167,85.29169684,103.1731283,173.5235459
45.48676869,27.68967493,27.41280659,73.02868501,63.68988342
68.52918595,42.05197288,78.25028122,97.3893531,108.9334495
0.092419631,0.035542896,3639.310523,136.7350946,137.2439902
9.510384323,9.234923987,9.238370405,35.13160017,187.380234
49.46736294,6.317835558,6.239631807,174.2681172,174.2281807
26.71714965,24.00512253,346.8369191,425.383723,469.166844
42.03607429,113.7138348,21.20273486,123.1376298,123.8436384
29.34314455,67.06799388,5782.010735,77.22751905,102.7864065
4.503281757,0.252848013,0.132286083,2827.237745,2884.000083
95.08953837,149.2092979,566.5978542,0,556.6235314
37.1777971,50.69757975,1478.020631,99.57647469,81.07219807
8.495568355,202.1558991,8.424524151,117.6612504,49.48398554
42.2761045,42.17300929,109.5329759,0,119.227081
7.665216017,7.734921465,151.7078661,131.1980675,106.5592878
35.20440244,1948.931011,18572.45477,79.3668508,96.78997145
15.33490593,15.34915311,15.41091714,52.57162019,105.8294888
148.6844815,149.0123238,156.4341655,0,0
16.29846156,16.32034398,16.48804179,72.59525237,122.7583004
130.0033799,130.5676099,130.9048827,95.37467312,103.0538485
12.06492147,786.0376109,137.6312218,0,37564.90487
105.3100573,86.83777229,79.97428911,93.64500293,95.48998975
58.17107338,64.28747042,5242.885978,0,747.9677411
57.38917858,259.4533908,57.48117449,225.70557,79.73697069
10.1333065,36.62245556,29.54004399,43.10326655,44.28614809
16.03115083,21.51250495,21.28946292,46.04782181,46.26016406
10.14606041,10.03168217,9.94478786,127.7347245,166.115807
18.26975472,18.55152398,1665.414161,0,0
5.500864482,5.950480215,5.716975602,229.380988,180.2156724
23.63217382,5.657230492,5.845383996,67.99887602,79.23479229
16.813688,16.33739045,16.27197334,0,54.22229105
30.96481912,4.710081203,4.962539663,515.9925878,536.1925868
3.945928199,3.433151997,3.509403617,0,58.13295708
3.526323168,4.780685477,97.53300317,38.54849555,97.5617792
8.518079161,7.052718372,1070.600048,0,94.11095328
8.680961012,24.83091345,112.2073373,39.51226896,48.00832589
27.63356548,6.034564586,6.265249294,39.45954095,61.51923841
35.94473234,2.075456488,1.991011609,108.8175017,106.8257079
78.25233783,6.37668803,58.27327849,0,2675.163479
51.17397995,427.4847507,423.4866582,0,427.7853704
86.93287084,145.1955964,335.1785623,331.3040232,227.5197864
233.1811184,85.90066452,85.88452246,0,0
116.3740408,79.10195934,79.35575935,157.7397274,251.0098359
9.667588025,20.86970813,21.06737676,106.6383323,99.79891236
27.92803188,9.027032115,8.879013177,76.49740203,476.7627207
220.0062863,229.1341295,237.2715118,414.8689713,411.2482832
213.3518245,41.27728693,36.94516201,0,57.10888158
30.62285455,29.99074355,30.22387213,0,112.4508525
22.82393308,61.49280199,22.81167496,164.8161932,198.3474635
16.89837815,67.75368235,67.60866639,107.3283569,197.4467279
185.6183423,51.73413039,213.9255158,217.2285874,249.4985624
4.289617164,0.011119493,0.214179793,24.34769254,93.74274993
20.04210182,20.57354457,20.6678593,185.9224345,152.1352466
17.74394921,16.22907001,28.91981199,24.30910966,21.68353914
6.813521622,16.91513136,137.6437082,0,58.12990678
97.98038051,65.32908484,65.60936792,548.7106345,538.5412688
60.28134137,14.37748335,14.1949253,64.71137204,63.34534304
47.11467833,30.37103515,30.52739265,110.1285411,2122.177364
1235.994899,2729.83105,1277.79588,0,1117.172956
21.16955088,22.51707135,22.31866703,90.34979996,90.31695388
89.56163857,78.74087492,76.49358471,46.18357033,216.4236931
10.15149173,462.700242,25.06428379,0,20.59631663
14.3464703,13.31411377,127.1414247,292.0752584,337.9559695
265.5161509,60.86870566,60.73678249,129.3308124,139.283772
27.07603027,221.857655,1419.915376,0,0
7.644505621,7.619903258,7.945239388,0,0
52.51300812,72.55025096,67.51082858,100.7614814,163.6587771
3.841912119,3.395955086,3.535063298,40.41208879,58.42523621
10498.95827,10498.87242,26630.20485,10233.802,10227.98263
13.44380072,54.58440743,39.82005506,54.92564946,44.9526425
8.381102603,8.119596417,7.812750527,41.50097794,127.7215625
3.433646685,4.40002299,4.602665403,151.6620477,138.5006785
5.36945393,5.623420441,5.922685172,49.13173065,61.8395238
4.592442616,8.605145358,65.92050156,57.07295206,38.53974586
20.10567398,21.76089449,83.87010123,109.5909934,83.37740913
128.0285228,104.7732581,52.56786271,105.0626207,96.19528885
2.276581819,2.966547547,2.978456362,0,64.56027001
8.480780861,8.223782322,268.6372429,0,1040.157206
1356.611703,6.104358236,3307.637444,0,0
11.12063626,8.998919229,10.37623873,1492.912979,75.18552445
15.54015224,29.11585587,29.13752129,74.33376534,67.93664624
12.18285671,11.39224884,1420.378065,160.2158436,273.2445959
168.0629723,33.5914701,33.45451321,0,206.1742395
60.83728995,64.71646721,64.86491915,242.8802156,259.8294191
265.0693815,344.9530236,325.3482976,329.7857844,260.14558
26.2858643,24.00144691,23.67824662,34.98335178,31.29849372
39.84570004,39.97995274,39.76861864,631.1589606,681.7724055
267.6138101,18.11798791,3890.021127,265.9520714,0
307.1139055,2223.738986,18438.53158,0,0
193.6837134,205.2047736,195.0618584,205.6210865,180.4560261
31.03311654,9.985909704,3.093588632,16.49644834,0
3.97698802,4.422746941,4.584452745,0,62.13545581
9.183313259,9.548442369,9.544032957,0,0
3.777059817,21.14142653,31.56622678,0,45.40498593
6.852467821,2468.392154,62.90719329,0,0
448.3030272,184.3447936,1078.482874,856.0426834,734.2704454
2.754110361,0.748271171,0.593678566,0,356.8408458
2280482.22,662.0067235,46954.8017,0,3497690.417
21.24701485,20.41913697,90.01450332,97.19231124,213.7673926
65.6889922,6.134983834,6.308241074,0,104.4930353
11.79189318,6.973721546,7.188058997,197.4054746,169.3168453
19.75726184,17.94904614,85.91360402,86.50442449,139.3762948
46.73774268,46.41428341,302.2276028,299.7623373,299.674322
118.5997014,103.6453732,93.98046009,0,111.1589341
47.92417182,13.43968807,13.71228948,278.5663162,401.8552826
10.32376511,10.51956782,10.75309083,91.63523787,117.7640517
4.256938128,6.051439016,6.158281926,26.77890529,25.79681732
5.145290252,587.1773719,24.66563972,28.62666316,0
21.60674487,20.05351603,17.95144557,0,23.72236671
21.37728501,11.81691914,39438.07037,0,87.43005579
11.11313529,9.797223832,10324.6067,0,42.38311116
93.11096531,407.1962015,564.1941522,0,648.908667
26.52738647,3.062840588,26.7006165,0,4061326.617
180.8063827,274.1525657,184.6752815,0,221.9239392
25.44916211,21.22197154,6256.284184,124.9138544,0
1.80075585,0.009277083,0.354591525,0,1196.404273
30.4967845,39.39903965,39.45434666,2641.280874,2638.014131
46.99208843,3.571902589,3.441154639,66.97900469,73.67575395
9.374454792,89.80162369,4.788231954,87.86433604,68.85317694
268.7228462,4949.5667,277.5271045,292.8901437,276.111196
2.308407948,0.051370383,0.077384241,63.06867686,59.72987713
41.57069855,5.958298268,25.32063137,0,182.4627003
183.4658832,32.70517966,34.27154482,61.21132939,178.9375245
14.83116784,14.82732891,215.4638398,229.2262163,82.29025333
25.76586872,26.00589408,30.42973878,30.77604099,14.1129185
7.803603665,7.384663454,7.535538117,0,28.18503665
7.938266926,9.64536888,9.409613896,0,35.71651123
25.3060537,22.59060213,266.2460749,315.2803808,313.0726336
158.65948,166.4494228,160.6284167,0,181.1839748
18.40074653,6.357108998,15.02935945,0,4061389.344
251.025652,2119.272661,2065.691865,0,0
0.275533923,0.348827933,175.2270444,197.604833,252.9003487
0.866113805,0.49871457,0.369297473,59.87749909,25.48744981
110.8857768,347.852548,413.0292006,351.1568373,1625.834737
62.9718577,268.3959526,268.4828974,40.76144916,95.0040707
3.433646685,4.40002299,4.602665403,151.6620477,138.5006785
135.6667106,387.5306923,552.3341364,303.6932717,341.7166386
27.75315487,26.8514506,24.5556519,61.7650375,62.57923544
21.0617277,310.1353166,257.5101972,263.4632056,284.6688963
18.4082645,54.75250779,50.77189573,44.93599271,87.96425686
119.6167387,142.9531022,128.5066943,153.9143235,0
80.38673019,103.2639661,112.6189637,111.7146978,124.4274766
14.460032,143.6399036,14.86755038,147.3877378,168.2051708
5.860234963,18.60958364,18.33806185,0,3715.507791
135.5885923,1216.863575,1092.106825,0,123.1724418
224.1783374,298.1165594,10794.60888,0,134.7173038
37.60261835,116.3119733,55.6564173,107.779359,107.2626411
19.03502803,17.06285361,17.00761465,0,58.92803421
54.55966902,42.28436899,31.62091668,0,65.78905654
16.18212556,14.54501607,2.800341782,0,24.70754038
72.29739506,694.6133177,1416.035492,0,971.5264776
0.094304634,17.19172301,98.03805468,137.6541363,110.0755322
40.70990436,266.4133167,263.8198741,267.6514999,270.9263354
5.675987583,5.435008915,58.23989343,66.1022081,62.38028839
16.70717482,16.41287618,29.37040096,29.05947715,40.66529157
111.9737968,93.59519321,70.42779015,0,12138357.98
17.07539655,3.784121186,3.871272625,28.96731394,102.3064176
49.98475586,52.96949652,1196.839679,1295.735559,1193.847227
1.30286076,1.5034228,1.635239801,286.4430923,237.7846202
58.78131226,2893.205758,82.11681081,0,784.069104
31.95352099,736.1159748,47370.43391,0,297.5933448
448.3030272,184.3447936,1078.482874,856.0426834,734.2704454
14.86283405,150.7776795,22.7178316,188.4744322,0
224.1783374,206.9199175,206.736469,0,134.7173038
230.4067802,1345.241664,1364.320416,0,1985.079867
17.90669556,17.63052959,133.9898513,0,179.0400388
12.95189081,12.68521493,12.89268813,42.55639215,48.90075198
11.78774533,13.28502954,50.14397288,65.69792243,82.56521713
38.10331956,6084.216276,8495.289626,105.8064449,130.9347072
19.7500129,62.08492384,71.69792633,104.477729,137.0069669
30.32524334,62.66908254,73.16311533,75.39818653,0
127.5598309,163.9017704,142.7445882,131.7284646,131.78939
107.3669197,121.2030864,112.1807461,135.7379484,182.6887609
27.24884901,25.04657082,122.1015459,135.8357329,136.7029688
305.1647404,7.783732828,7.691181473,0,0
6.557724842,1627.21458,481.1939438,0,0
116.3226368,223.5796001,171.2902064,289.9494288,281.2527003
72.7463497,26.35587864,26.43871334,113.3004111,118.0496448
24.3838481,10.95533831,10.65193115,42.73312721,28.46668798
80.47858922,2220.203311,566.268836,557.5025818,554.6671418
101.1037044,94.63487173,4206.430776,0,88.71422319
27.39231688,13.75040866,13.68542758,0,335.4408548
91.69316149,670.1730662,1060.436261,593.7270158,621.4889241
35.61109386,48.75091496,48.42856934,514.580428,19.01213863
46.71534613,49.52796455,49.2661484,84.38558176,69.96273253
12.65283499,44.37912477,48.92106953,66.29455205,76.53673715
23.20058493,23.06877423,40.81532766,46.4332988,0
25.5220861,85.4652852,25.38260014,84.28122096,71.82845595
1.058562554,248.712775,33.27211851,238.9122258,74.17594438
17.32494862,17.0293158,174.3381867,174.4643979,174.2603949
137.3486129,158.0698726,147.2318584,157.3853928,179.7985928
5.732863631,1628.919102,89.36887302,7.09393607,21.08179622
16.06336103,16.53109685,88.72915043,87.77481902,85.00115231
9.576241306,2.558680095,36.03360257,67.22908876,78.10073297
77.00663437,7.92825561,7.399206618,0,0
323.0159181,1546.275393,1536.744921,0,1594.329735
53.73205618,2.766110592,2.858411495,439.2704631,421.535825
37.58110675,149.6534338,146.8840802,140.9694827,87.2842328
385.9445443,300.6697705,6131.660218,0,299.5438843
91.33996262,96.47626755,99.70174976,71.00816707,16.66219168
14.19593688,4.11535633,3.746620948,115.39661,114.2868076
14.45766072,13.83180425,2.29832268,0,23.92870438
13.59276096,5404.792513,2667.984127,0,43940.55006
36.12813273,1576.27388,50.09346274,1524.683335,56.53916985
448.3030272,184.3447936,1078.482874,856.0426834,734.2704454
4051362.917,4465.548167,4465.571987,0,4455.924875
6.572511064,5.22193177,5.215509215,72.0348738,37.12481824
4.634039372,53.7815484,46.98273012,55.52102773,52.92224862
40.05521021,41.15048269,41.12402342,245.3259746,334.8278028
77.92814175,97.44738594,91.05922768,102.3775054,102.6529102
88.96855404,158.5665915,4068.457709,222.5459798,540.035211
181.9652676,4254.793612,33.1031228,0,2147015.13
448.3030272,184.3447936,1078.482874,856.0426834,734.2704454
93.02596202,143.906096,134.68026,145.2670939,123.6653595
14.95063082,15.95587251,62.13981859,0,153.2096994
636.8127079,9.105242259,659.4759046,0,0
11.72215344,140.5789675,102.5394259,349.5511226,336.2512454
11.03114578,11.34039061,11.2946095,186.0986782,189.3387478
31.31193112,41.50242083,208.1474962,109.9679271,104.9764732
13.80997689,13.88787403,14.08981043,926.3039511,928.0542517
115.3456714,122.1033316,113.2129747,130.7556609,131.1175031
28.41170191,229.8133919,230.4823045,230.320852,229.9756326
3.28123824,1.175855318,43.72665383,64.71402349,108.3752039
7.970394561,49.48726818,45.04945023,46.33163901,87.82537538
1071.115408,977.7945751,974.3189244,975.7258171,1058.108864
224.1783374,206.9199175,206.736469,0,134.7173038
44.55375768,9.105242259,8.936306123,0,489.1717919
37.949107,19.93321952,19.80275124,56.91164676,226.5394096
12.12639008,303.5048406,315.7320477,319.7378751,0
26.00779713,25.39838541,25.3261377,0,98.62499237
11.67538416,11.00147704,10.77943998,0,33.90855123
11.11030993,50.70763805,47.5013246,0,23.38170884
94.05680272,29.16612253,29.11706714,2253.948737,2209.462305
16.5364388,10.8312369,119.7805472,107.9492928,48.76633074
56.18106138,55.56246322,132.7888897,0,120.8794702
233.0994291,232.3811584,282.0028361,258.6246493,256.3768253
173.8745856,181.4831999,173.7348872,190.3212614,244.7841411
30.68852263,36.23782831,33.81843227,44.213734,58.59819937
184.8668822,40.4143098,40.51073487,0,0
184.8668822,40.4143098,40.51073487,0,0
184.8668822,40.4143098,40.51073487,0,0
25.52672477,17.46236947,15.84843116,23.47492631,66.91350286
11.52934814,57.09216159,1201.501765,0,36.76177485
85.53952326,1.114139476,0.771405373,184.1306118,181.9890623
58.48956154,16.38181851,16.3671891,0,116.8658251
27.52841081,170.644514,190.3559937,193.647957,0
15.32460475,14.96907759,15.29434157,158.2376288,357.3133546
8.245131526,109.5438177,117.0126051,0,323.8275563
30.7599098,21.54264922,18.94757855,30.970359,34.36996682
22.44473985,7.715300447,7.824852944,32.12311061,57.71174124
3.618893084,1.894497269,66.18055289,94.46934734,42.07349327
13.52218517,20.53841695,7.224375449,27.90066924,42.30895811
14.49082701,24.15895234,22.2121777,23.36608074,81.49904376
22.4989874,21.97480103,13.73620223,0,23.75682119
160.9508288,59.03768338,59.44650615,0,3412233.785
80.79753174,74.06373545,68.98343461,83.42919677,101.3499257
77.53240991,3497.528446,113.907823,0,112.9964669
21.84857151,2.056990189,1.871437334,31.2056168,104.071112
135.4030959,6.648381329,6.835902453,65.40083397,43.54618108
13.23198631,2.509134565,2.609326587,4336.203175,512.872838
81.07967759,87.98203649,84.52828656,86.07325942,51.58458308
8.758595004,8.708518777,8.940473211,86.83335897,56.94653423
9.52393139,12.30699296,12.31033826,33.67187893,134.7300452
14.33172207,14.04804558,111.5003382,114.786051,0
110.2185955,1.954789628,1.653078781,2029.223763,2334.125407
18.6500824,18.42548741,123.6303585,52.36740868,56.21973826
300.9329126,2808.832746,1692.540554,0,0
9.463663524,11.5216147,205.9606014,206.8874302,199.7847824
7.203566408,3.0748147,3.057902681,80.71727036,93.33792393
26.59908117,24.57469888,24.50799069,0,32.44889532
4.99994867,8.683901281,8.448324584,50.54585419,65.1917549
26.38273821,24.51439466,24.35848221,481.0675141,56.16341765
44.19153576,0.781718511,0.993302693,199.8489061,206.2391066
14.11463119,34.34657376,326.60279,43.34994439,97.46554197
11.49739529,5.775416555,5.912951244,114.588184,69.57946222
5.165713622,3.093410792,3.2135866,46.91412354,4487.546555
38.96235403,213.1111719,68.71845887,216.885397,181.8404119
11.11627115,11.84568334,11.77113169,0,12.01901287
75.33938774,75.36092121,4155.054989,0,0
16.77280301,11.27605666,1439.156874,15.60766142,44.21249144
74.17175057,101.3615801,89.36947553,70.33523361,108.6288091
11.4671317,129.1268427,6.675811404,135.02937,135.9424575
68.40326479,84.89667545,95.53383323,91.42362723,0
15.38110375,15.02307789,15.04808473,104.7088892,118.2855858
100.8274923,64.39505549,64.47952673,63.24233088,131.1276802
49.83994238,127.7586865,132.1755755,128.2442865,112.6917449
10.21940924,12.61123644,12.82464413,0,1958134.133
32.66115239,39.49563258,39.82749103,122.5113851,143.3017188
56.20955527,73.66173726,5159.995548,0,796.5834822
7.595845455,8.609982867,26.45313963,37.23533379,0
200.1939055,288.560625,285.6462819,293.5660214,308.12358
2.561145863,4.439499082,16676.51415,0,1728.190754
31.46711365,14.79702362,14.69601665,184.0190829,207.8464085
39.3021796,45.75265574,38.86925623,48.97282859,39.75774284
153.3159172,9.580630574,9.521064276,153.7914711,186.7529959
96.18028063,108.5872344,242.9540008,222.1233722,150.5097616
18.81250324,54.33148355,53.36606516,63.83439493,90.75891037
90.34243743,116.5093748,734.0839508,0,115.211378
5.712578612,5.099319136,6863.043613,113.5794414,132.1820189
10.00800728,10.20580813,30.77662222,35.74056246,146.5330054
33.46218447,43.16274136,32.27285755,50.80580802,58.2197376
147.3234466,148.4901548,148.4545244,0,156.6582686
45.2139067,2663.503044,248.8607635,0,40891.2232
32.58277285,33.60475638,172.7927707,0,0
21.13074643,2.08948665,32.27259345,76.96408727,143.174573
18.4214323,2.111540573,19.00269127,0,63.64640325
26.59609689,27.71100203,27.51988414,0,72.38310504
69.57176923,2994.508559,1833.590975,0,0
21.45835545,18.34783868,30.38324166,33.34648635,136.3113274
169.0842622,204.8508984,195.4366112,211.98759,215.1838323
448.3030272,184.3447936,1078.482874,856.0426834,734.2704454
805.6080322,2433.259458,2427.412119,0,2102221.947
154.2565327,132.4207727,149.7339642,327.604563,152.226051
24.66040213,25.78469142,25.76506135,110.3197494,128.8676719
69.0454467,320.9873084,332.9548884,0,317.2582077
76.01611994,162.8410041,162.8144266,299.3401949,157.5712373
10.45899695,34.70134795,45.09156485,43.37965514,51.6675255
10.13938884,2.005985277,2.337318938,31.13827497,38.73189107
14.55223041,1256.650499,16.66855128,0,31.83723009
32.23861134,32.31386954,32.42478471,29.84923806,33.19460001
12.06488578,9.159307808,9.28558133,0,128.9033484
220.3044389,5.448822261,5.660450846,49.90231626,549.7470837
11.98793352,11.54097035,11.58123944,0,780.4921745
4.821764081,5.727655919,5.774247694,0,64.18216895
2.495123429,114.7405128,121.0722789,121.2343862,134.8645568
134.2400837,134.1008512,509.2921456,761.3326876,769.5632066
12.29791029,38.50460069,56.91467968,0,51.95202123
55.05504247,77.5226085,74.16614179,59.3635227,34.56020279
53.64194381,54.01844196,54.33354593,23.09766927,76.71816828
23.38828765,23.83497807,23.75150402,46.95762223,546.3912623
20.19525338,640.582237,47421.2369,0,105.6030961
15.82955287,24.46971744,7807.478596,0,0
16.96602793,14.47550375,14.64136707,67.17028956,132.4898698
13.50753416,11.08329148,326.9002538,0,255.4437776
8.31904482,8.099269477,132.9875533,1449.485501,1449.617833
15.30031915,20.6051554,105.003051,100.0573975,77.30701368
6.127929646,6.265864284,6.167873464,494.5638547,549.8981549
62.45477916,5.502935762,5.419430866,65.57456033,72.5652041
16.02283499,17.24496125,17.42986736,0,142.5896964
18.85203926,15.80159289,14.33278511,10655.05818,53.70223844
2.45074645,53.8132237,18.32620341,57.6392403,0
133.9254543,4.523114001,4.390299207,214.4636473,288.9835128
140.2779137,155.6710579,162.9630338,163.7677262,200.8901701
132.3744905,132.9039814,262.8282959,142.4987069,152.3188842
49.24068845,671.0839822,686.5736362,649.9916657,527.338904
10.86668353,205.7974677,205.5032742,53.65295898,318.1876246
4.59801205,21.85250584,21.76162231,0,78.24336943
4.819442894,23.16125545,32.39927293,26.27641096,101.984006
4.561135765,2.556203088,2.601649789,300.8258466,177.9871846
47.86640983,6.618959857,6.38845189,77.63769202,71.87358246
11.16222144,39.10548367,10.57074825,46.76877946,0
468.4645382,3.454217384,3.726312474,459.9814391,0
14.20177512,36.9540867,14.72852879,46.27021138,61.49672071
45.65436237,94.67182017,85.97346502,90.82468422,53.69094449
58.7485344,21.22954367,21.54389813,255.7037377,211.2511909
64.54101679,2877.65216,2858.684783,2881.010693,2917.093154
7.558599249,22.9492255,90.7771376,101.1036603,330.545972
57.84632836,134.9288373,138.1505082,139.8627387,4463.57347
23.55180387,4.038841627,3.747420177,0,46.88318111
38.81713494,20.57798162,20.61697746,78.99526677,69.54824571
12.7274397,13.45697111,2304.325004,0,256047.816
5.835567489,4242.851707,15486.76459,0,234.9970688
3.732796372,3.975671429,3.97523883,0,868.3107588
16.84344453,11.55385953,11.22032023,211.5824795,150.4160981
5.496158311,5.171941014,5.15042082,233.6961839,239.750507
17.16395026,14.13982774,14.30306565,140.6803488,38.52211157
9.219704814,8.910534834,9.038114446,50.42912047,47.76581249
121.1637405,359.314658,131.3699264,116.7826245,0
8.362988177,9.310777313,431.9021424,404.5190723,0
448.3030272,184.3447936,1078.482874,856.0426834,734.2704454
32.27847533,6.242241524,6.328314768,58.1364558,32.62180102
448.3030272,184.3447936,1078.482874,856.0426834,734.2704454
211.2714229,256.7802563,308.7144664,220.7815332,224.9435019
28.84308485,29.32927209,29.38701107,0,109.0246228
164.6804409,62.6990038,62.56316405,235.230813,240.7792702
4.535523658,2.609870467,2.547234446,0,54.44306353
47.6882511,42.5262496,57.69717227,51.96264086,116.7215325
16.97160629,12.97594163,13.06487222,113.2687751,81.13898066
12.65058318,12.59085862,12.5698693,0,156.5077369
117.5364235,409.272977,117.5768198,290.3332278,244.9605232
3437624.417,14736.08221,13442.38847,0,1038062.409
38.84504292,39.03892944,38.86898069,0,68.63177063
8.077213521,6.37206392,55.71404625,66.53429535,76.96014189
44.14105814,6658.09752,60.30990424,0,0
120.9465623,202.8945394,733.5904582,0,52.7793517
178.1594354,427.7131994,72.15509815,0,212.0910602
1.362815544,234.0140366,228.5809711,298.4281628,386.9304038
5.741799981,82.10711351,75.03487279,0,32.90884287
181.407949,451.7698542,454.1676159,441.9464209,384.9906048
33.8446777,33.2929722,33.19281227,96.4349347,223.1201458
5.904552377,5.700466121,5.530291412,80.4566844,54.02368565
37.18356137,53.05510465,26743.62785,0,52.8371415
88.64475801,101.9133004,1145.666852,0,3516629.644
6.388105988,64.33325998,64.41549766,0,26.04414405
46.46519423,52.51789122,67.60974548,0,91.03877116
46.46519423,52.51789122,67.60974548,0,91.03877116
61.18280307,1557.852377,1578.587041,0,0
6.680062051,2.335289159,103.3980701,89.72115216,100.8326275
1.058562554,248.712775,33.27211851,238.9122258,74.17594438
58.0124433,58.48113247,79.36267223,162.6751995,116.0387733
142.6113418,148.9438503,162.6495831,154.7886354,445.7701189
2.707833627,2.350586008,2.64124236,780.0987902,97.85160965
21437.96486,23.30890568,3611.884612,0,10380.62059
238.4353861,242.3166502,230.6318925,251.6102811,252.9351767
35.51162366,35.44445951,35.34532913,419.2214329,451.3860465
19.7079348,31.6483552,31.87641366,79.56065523,95.51207505
969.0005974,21.61624239,671.6020767,0,0
18.32788707,24.91262142,20.47105992,58.00167441,239.1339053
19.25019539,17.29727342,71.16835273,0,106.8390112
19.72490371,19.52033431,19.36123394,68.33865987,68.88388535
10.44634846,7.955989458,27.8310816,51.38924352,145.1163505
6.39819101,29.22906319,19.96830681,34.8941183,59.0238412
19.51299608,27.01417583,27.27240848,63.97210407,64.78632338
18.3749268,17.95305604,338.0858191,349.8421188,398.8630686
5.399303729,5.783163044,211.4689742,0,199.3929113
10.09855402,9.665586924,9.963357162,0,113.7447348
156.0511564,26.70796292,26.63903992,0,0
153.7424351,10.31744064,10.15065872,64.98378549,0
31.94519227,1.122374855,1.29967858,310.6052348,343.7615914
10.87959902,44.26829401,23.9661189,51.16383859,0
21.67591522,78.97006545,2.401065276,152.0036298,118.832952
19.19080776,6.338122596,6.643633965,0,0
1.389434788,335.4165033,1.693114135,0,0
502.961645,36.75271071,36.77029483,495.1693493,0
20.38126479,16.07194382,16.37790379,34.54371441,32.6855034
17.83600286,16.54389586,71.61042739,52.69214912,70.46192993
55.59094613,12.10304194,11.89456781,58.84935204,380.92079
41.97818154,70.860013,85.58122067,64.95994686,60.66181552
14.23741819,275.1989105,267.8402573,278.7786647,80.61079566
38.7952525,39.82399271,9.407714931,740.6409497,62.82893703
14.69273878,14.63548121,2200.421058,99.40669135,84.07260471
15.38797558,44.28371918,7839.752734,0,0
13.28113914,8.496150386,8.411380721,71.879059,280.5083665
11.15473323,7.956842406,7.71321295,32.24066423,59.75340641
22.64266549,22.99565572,23.27472935,144.122655,99.35090713
5.609282213,5.321439938,207.3441562,199.3930855,0
6.875467129,6.816934919,189.9055192,0,71.90011472
92.79145931,27.01946665,27.31258682,36.244752,0
63.19596295,452123.5196,479758.4914,0,154.9092776
98.93660658,7.317924093,7.380324621,90.08210726,96.77929368
179.87938,70.71567739,70.43735386,0,79.14055224
26.49252231,194.3165609,194.0423404,199.2472556,214.862685
72.82286182,396.6228908,398.1544164,396.2293217,0
19.46435107,8.825429176,67.47981925,76.20849911,0
39.97432138,138.6889335,57.38076243,137.6640732,45.84429345
53.20219019,42.47530057,58.92353467,82.76499092,56.02463063
53.20219019,42.47530057,58.92353467,82.76499092,56.02463063
26.487161,62.30560065,66.53568061,77.51430069,131.0199956
30.90941224,30.94982625,30.80906361,117.7387196,161.3218968
164.0816274,3444.39603,196.2017494,0,0
41.92537219,41.66428309,103.4981651,308.5710744,254.9992355
24.63564969,24.51209436,6164.759334,0,0
32.86969207,8.770252173,22.47845272,54.87275422,47.44234916
23.26396602,2.826516461,12.64484994,105.9274649,143.3431822
172.8874214,179.3247966,166.8955537,185.5887717,189.2674017
167.6418762,74.01391305,251.2261957,279.3644299,466.2037441
41.08521001,39.58259906,39.44407523,0,62.69511529
3.104786456,1.100178391,359.1961022,60.64740897,367.1032357
12.05007681,10.77958288,12088.96491,161.2711521,239.3322593
125.5863803,178.9597604,166.4890038,176.3536204,0
6.396886106,8.119563161,8.339811072,5496.728539,0
18.01345226,169.898505,173.473572,167.7385221,156.1554621
1331373.338,221.9696053,6039.70472,0,218.5698935
30.53504221,75.58882765,75.49700941,73.82241423,64.13972102
9.419104698,9.155814402,4066.217233,0,73.08734793
53.38620683,63.49700905,134.7293922,0,121.6620481
5.335914194,5.5691234,5.567870483,52.81097078,197.8599658
109.8466036,3.389509333,3.668722097,150.0895425,131.6544128
1382.704435,1845.183025,18939.03194,0,2387.79968
120.1440331,1963.45523,560.1498177,0,0
249.1862871,2096.489875,2046.448967,0,0
68.06129321,10.01384035,9.867950708,111.2720269,72.15141317
32.41240312,149.1577263,2186.863719,0,107.7795763
125.9369473,36.09188918,36.19063159,0,184.0176114
76.02034117,224.92823,224.7838156,227.9494861,235.8490318
46.78798156,46.81836376,46.91249364,0,0
189.1644857,28.97620918,764.0284107,884.0769282,851.3856518
2.236940189,8.302904154,8.164270538,39.51625708,146.4964138
6.147129515,6.265383031,1386.067939,0,162.5190354
142.7580912,167.3415678,156.1301145,0,163.3960706
43.73898358,176.7266233,2.113592353,0,221.4672916
559.9775625,514.96172,31.94909669,71.96608626,262.0401403
25.50852978,37.15795845,573.1791864,71.85426983,112.6402513
18.11185467,36.20964021,53.27170747,0,57.20537238
25.3293017,32.23510526,26.65631248,37.01913626,0
11.41901198,50.23301806,22.40967085,55.97484957,0
12.12374697,12.49121675,12.50854452,34.88710653,38.77484886
5.530701586,4.939957711,119.1675393,105.9799989,44.66398629
19.15059008,550.0210921,392.5481862,414.3934921,473.1284532
33.50156162,33.52888368,33.45465894,950.6681612,946.3513326
14.92383873,14.1378027,22376.56413,0,81.60594617
14.95869308,66.9823038,67.12030862,170.0467364,168.6069945
27.81819928,400.098885,399.3997166,406.8374484,0
3.553543809,67.73256357,19.44988143,72.16390494,74.02245096
110.2597286,226.7758979,325.3920319,0,324.4179595
42.54366153,42.79540547,55712.14357,148.4241087,153.8687548
111.9814995,333.2158548,333.1072866,55.77593898,67.71920244
22.05276528,22.25206359,22.43200147,0,36.09924954
126.8747692,124.5445806,124.5475563,2386.611173,682.4619489
11.76407658,11.45634359,11.26618768,43.05657251,63.91942304
41.29453577,71.5372914,46.42557408,116.2324592,69.27719715
87.78200747,75.97991971,66.47864459,76.62912942,84.64154728
285.6416494,329.8624515,331.6574657,0,251.2724325
31.31514905,146.8868683,148.6864389,161.4997465,79.18189924
12.83754254,36.52965414,64.7510009,54.88260089,135.622568
148.8586258,11.52016965,19465.21305,0,176.366435
13.05825641,82.40125708,82.36239415,0,275.9290247
5.845058892,96.22730934,96.44568929,0,0
448.3030272,184.3447936,1078.482874,856.0426834,734.2704454
13.62815455,21.62299903,21.49048173,53.03170439,208.282389
5.223319803,43.83956661,40.53744757,38.94702477,183.6374603
11.75604821,157.5512344,11.41445653,165.4725833,0
10.91539589,9.50278755,93.25694902,0,130.5369916
23.83398498,48.30134819,22402.17666,0,97.18251145
17.16708947,94.09192607,99.36657222,91.11140188,65.77338113
167.3385059,6145.808729,921.7003683,0,0
8.032562992,87.02563131,7.761541482,87.10289592,92.6120235
50.01256532,122.3381361,122.1316811,212.0384658,24.78156775
254.0514077,12.45462232,12.44205046,281.8648832,275.3612956
69.46224111,210.598991,72.21807798,0,0
448.3030272,184.3447936,1078.482874,856.0426834,734.2704454
161.6897285,71.05306206,71.01758545,379.6735758,372.5635506
15.49181702,7.815856278,8.162194541,137.6195737,143.7404115
143.6400466,31.96580349,31.89696752,180.7851278,0
15.46460993,3.367830664,3.243519126,127.1812439,48.56518243
13.14156885,38.13589911,34.75393084,40.62726761,45.78384991
38.59169641,36.37647507,36.22182611,0,233.6898081
85.16948401,189.9869667,184.8762776,143.6240971,174.0860223
10.39563571,12.85198698,12.47472146,780.8495899,48.1323327
105.3992324,38.08299327,24.19288574,0,51.22721504
134.9235079,134.5606138,26.92981953,44.90184637,40.92194099
28.82697772,496.2954632,496.6579218,626.030047,631.1777052
4.180508189,6.872308272,6.789963655,0,0
137.279144,5867.175852,957.8908993,0,0
7.095208029,6.28386497,6.353443483,43.15779262,0
448.3030272,184.3447936,1078.482874,856.0426834,734.2704454
248.8916873,160.0379268,234.7772972,288.7669396,309.5732158
86.93287084,145.1955964,335.1785623,331.3040232,227.5197864
146.230394,3207.440468,168.4805763,0,195.9106658
233.8356377,254.654198,404.1360784,411.7734733,345.1115261
19.5661892,11.96236265,19.10553658,88.94438894,0
141.3939525,12.33299248,616.797251,179.8720477,200.6082124
509.1005157,4.091643262,3.961771876,663.007024,0
27.64266627,34.25890215,34.39713439,0,706.1989631
160.9508288,59.03768338,59.44650615,0,3412233.785
162.6484848,206.9770187,207.0013226,248.1504076,270.5182547
28.7023192,33.90801689,34.00030889,146.4830621,231.7259023
28.7023192,33.90801689,34.00030889,146.4830621,231.7259023
5.993441085,20.84162371,20.83610306,129.4227727,153.1424295
38.60392487,12.16774253,178.8182917,174.2961367,193.5658539
84.05599191,91.4543488,94.35579377,92.03252834,97.93601718
84.05599191,91.4543488,94.35579377,92.03252834,97.93601718
46.70667601,52.30697417,52.38058395,176.9690089,168.6642084
129.6706199,509.2834286,45353.5125,63.53788837,249.160884
47.24142761,47.25052377,46.98674956,256.2099814,228.525029
176.758844,282.7344554,304.6761214,0,0
56.41268553,56.56544537,56.58040044,0,184.2724553
3308.959874,1008.15062,2641.076032,0,0
7.362527755,0.038156716,0.291078794,3296.376363,3294.278821
295.4143583,319.5375439,312.6784965,311.4575359,246.2033442
93.22980483,5.308145173,5.187841341,110.0228772,102.9966597
135.1036614,14.49747025,14.31658195,176.511408,325.4188926
40.01266063,35.10292643,183.5063995,191.6468808,186.8584144
12.46716791,15.27485034,56.47694209,48.55803298,105.2183175
26.76367215,27.35569475,27.33886327,0,33.79759513
448.3030272,184.3447936,1078.482874,856.0426834,734.2704454
15.46294317,11.77156656,11.86811427,0,311.3381594
2797.176556,2796.979465,2484.795397,0,2776.178542
32.99641848,703.583207,705.5254218,705.0687746,711.2858435
78.39906188,82.11272816,20.95846149,347.6204088,240.3163855
151.6478806,82.90463606,74.69440659,433.3828822,0
5.236774199,5.094020178,5.09759159,0,2488.82084
0.628804584,127.4991004,155.2035962,18.87860555,42.04418193
16.0342504,17.04465096,17.18598648,441.4434903,449.0963598
8.19092954,9.596053564,9.637725237,0,81.55971999
82.66433214,533.602877,529.9931827,0,1504.435698
16.65756828,21.88953352,786.4179398,185.7501666,147.109643
74.52717276,61.07052634,60.90938538,242.4003132,0
18.42227751,7.145174956,187.1936552,39.60255248,43.22246011
64.84998776,64.25049255,64.12952422,346.3645121,0
53.8450512,58.98010032,59.05863126,2683.398278,2663.101014
21.80204185,21.90276952,21.81181392,47.54778354,0
182.1319369,122.6021229,122.7604415,1802.603513,2088.171905
164.8800258,266.6932977,257.29834,259.6796869,200.5575697
23.4246089,5945.458709,8345.546787,320.2851224,32.70883925
19.63490899,9.986869441,23.36957971,4.720862933,34.41606669
40.32114708,169.6689382,170.8702121,204.8990003,339.7197968
29.70684354,32.01701704,64.87550453,67.68549534,79.69243336
8.590864796,8.996062634,58.663659,49.46329513,48.02600162
11.90127517,41.61354825,41.62857727,1489.147102,1409.804325
33.35718119,13.45642831,13.59497885,0,234.4286454
7.53351818,7.783475809,24.02689597,30.53293325,27.30389909
37.30817661,193.918373,190.6930922,204.8852427,254.1684809
40.97382208,39.66293082,39.53473967,0,222.5876228
391.4485183,180.2941015,177.4585563,177.1020928,171.4521277
20.06124012,18.36546069,18.67302609,193.8436571,63.80527088
0.144562735,0.024081386,0.240499362,178.6679079,210.698443
186.1042544,202.9870382,194.7179659,0,196.2281637
243.8210934,231.2677606,221.0517026,223.740107,0
17.28687655,0.282630766,0.450992285,487.3875531,451.0517114
151.2313605,8.868458863,217.2533358,270.6626658,0
10.15361052,9.743192688,77.37947708,171.3955229,451.1788991
32.46993434,5.6169008,5.569923707,59.07826221,43.819736
10.30244349,435.983157,447.4281596,440.4724699,427.6826965
17.10814763,4.572277363,4.811951899,46.68327832,5401.904586
3.752918239,2.758259114,2.869701875,86.59852202,132.780912
6.415666122,9.799100094,9.754060096,106.1751371,170.7986696
47.38102679,4.439009192,4.693722628,0,142.4863411
1.184343227,242.0320458,242.5784866,259.4356932,78.47798424
9.930137785,8.47283764,59.6158626,63.79488591,0
49.26125642,6.699770216,6.519162329,28.91295502,120.9265963
160.4981909,177.3557306,184.2918333,194.4185538,188.3805603
7.049461617,6.429907375,6.398918873,5382.98366,0
12.29111615,10.91400774,10.84169779,5578.149231,0
65.5653022,58.19327928,13.54531965,62.27893848,60.19926129
4.447773658,0.549176363,0.720227033,73.39527291,164.0372437
6785.408585,91.22713523,2056.707639,0,0
7.338950677,12.11216707,12.22420322,235.5438751,174.6046816
7.196315948,5.695153921,5.572864079,69.45043219,59.69702247
18.65950712,20.94601424,21.09622972,6929.344765,186.9643956
2.920427723,6.517016666,23.433082,39.7423021,41.94065094
57.97805951,60.37339671,60.40724152,313.1560987,452.2092911
38.36094343,30.79331242,42.91201862,38.49783621,35.47974561
31.47242976,1254.711177,16464.78854,47.50631801,1316.594915
5.665222093,4.579704313,5.531602292,54.4573343,70.92403861
15.23059883,3.397032119,3.324507573,0,146.8301924
35.26615593,6.046780427,6.191776884,54.80626437,39.53888353
9.757371405,42.83008668,49.00625597,38.375509,42.54366415
17.84061701,17.66353228,68.094124,77.93544039,102.7606974
8.237178285,6.196384821,98.55721021,78.11079463,0
8.206671373,8.282567712,74.8621046,72.81598525,84.93229373
26.5251731,27.40017939,423.1276537,0,56.79241081
2.111189647,2.453415768,71.24708872,96.15754115,116.0244252
9.376953842,21.20010441,0.379395005,29.76561816,42.85275759
14.6107232,4.587350669,4.716773583,109.0091614,112.2463296
33.31826636,34.66537206,52.84628329,52.75642861,38.51534981
18.73530493,64.38471022,63.05020807,81.33433228,170.8689962
16.36816693,35.83918632,16.45057235,65.28862585,51.55262936
17.20804474,43.78809638,28.5245128,53.51125516,84.66439175
9.128456863,68.31042783,65.49326752,0,42.82347577
3.100297904,3.420413374,3.54371796,58.65994817,111.2762488
48.77896995,46.08628691,7061.984451,0,91.92136557
27.11585897,7.061968504,7.046067691,136.3579989,148.4906225
145.1845907,114.3990037,102.4832525,122.2868264,131.2840502
151.4571334,112.8873076,113.1354487,780.3139715,771.1375511
151.4571334,112.8873076,113.1354487,780.3139715,771.1375511
151.4571334,112.8873076,113.1354487,780.3139715,771.1375511
403.165289,70.45158452,70.06732362,426.4581874,426.3507645
403.165289,70.45158452,70.06732362,426.4581874,426.3507645
403.165289,70.45158452,70.06732362,426.4581874,426.3507645
403.165289,70.45158452,70.06732362,426.4581874,426.3507645
403.165289,70.45158452,70.06732362,426.4581874,426.3507645
403.165289,70.45158452,70.06732362,426.4581874,426.3507645
403.165289,70.45158452,70.06732362,426.4581874,426.3507645
403.165289,70.45158452,70.06732362,426.4581874,426.3507645
403.165289,70.45158452,70.06732362,426.4581874,426.3507645
41.4778808,41.78167832,41.79775508,91.06915941,80.06958745
75.81500758,1.38432272,159.3356614,32.33125062,31.72978367
60.49377842,50.1052135,45.35488609,101.1292548,145.558209
12.93300688,33.36207118,27.59502873,35.21089797,378905.698
34.70067175,20.16387326,20.18429679,46.92675647,41.97600856
70.11925541,108.9656087,101.6132518,0,0
5.956541376,81.83020596,76.94698474,88.52754977,0
43.16074438,2.042922376,1.900760546,196.1079392,229.5717106
91.54489219,138.3144481,225.2999387,0,178.358317
42.62173805,59.20585878,58.58782578,0,23.43204512
194.2429343,6.108977746,6.445770365,0,0
69.48322432,74.02787461,5139.551276,0,79.45968566
33.5776472,241.4235068,234.0200511,0,238.7855393
9.942719559,4.793463895,4.731696108,26.28597468,118.3163563
22.17692521,22.27723507,8612.709117,49.49739859,57.69487633
47.97485001,59.0890363,64.79890966,63.9959876,0
30.65001275,32.15760598,32.15916408,46.9999262,111.192097
5.551625464,5.687307804,5.766100087,102.5917588,85.92801601
26.1924767,55.57154286,50.77765351,68.6568697,98.71817785
56.74353747,44.98310072,56.75468756,54.80262709,53.55875104
71.34523144,95.63057648,5118.917783,0,104.1860084
10.81704065,10.35867731,10.05464495,20.77938622,29.15098822
63.87463628,14.16095615,14.29042061,0,245.957568
79.82822688,33.91914253,33.83270005,167.5918352,105.8755607
105.9073492,150.0047767,141.4987896,0,159.2300216
49.43227013,9.655458627,9.825466251,79.68725653,154.747847
49.43227013,9.655458627,9.825466251,79.68725653,154.747847
38.65543178,38.93426399,148.9417441,0,95.46730593
28.79176619,28.99765235,28.70304038,123.882651,101.1882374
79.93009037,37.53934885,37.35279785,111.3154845,109.5285659
371.2553589,91.16315945,88.98913253,97.29401812,0
3.508342306,0.49097152,0.583405516,161.0570236,161.5429928
47.57551295,50.8295423,50.84068212,61.91701171,59.18568441
135.3937154,92.82625272,92.59333192,0,108.9130328
22.41559847,62.10962001,545.1881013,0,43.25568426
175.3521995,5461.237895,5463.430546,5453.371019,0
61.97557162,77.77901644,72.5017285,88.49540994,107.2883183
7.873865653,62.90351115,69.4282894,0,39.48969479
12.83730601,12.35401655,11.99607617,47.84758088,49.17269161
63.01688521,42.3792166,41.87427781,0,37.28950838
21.97103698,32.91114785,20.84645144,0,151.1519151
24.56637403,345.3374908,605.9143066,0,52.3691492
59.89424532,110.9654503,1082.697801,193.7656187,202.6655118
1.631800461,1.560050652,1.623566045,132.1954104,80.45479646
78.25233783,6.37668803,58.27327849,0,2675.163479
10.70535435,8.784635944,10.4273452,0,76.01788493
9.576241306,2.558680095,36.03360257,67.22908876,78.10073297
6261.421054,77.48091278,3843.805254,0,9948.2266
93.89156168,16.18596348,16.01532521,135.515073,1624.306895
104.8772489,67.35464969,67.26418058,250.8262143,241.7894369
69.43545069,80.48701718,4332.164571,88.5671497,3816.845177
89.07838873,138.5541578,148.6815945,159.3604222,155.0247747
155.4965503,165.9373514,579.2299607,174.0713896,711.631162
5281.402916,8.250542145,4515.353348,0,0
119.9745653,557.3339388,561.2320692,565.5907223,0
93.83704177,85.13520849,78.1322927,0,120.2686137
4.543605705,4.738252427,4.970072353,35.22393121,69.52615128
69.57527601,69.63193523,289.1315792,115.6658843,123.7134415
98.12353882,122.3689144,125.7020045,0,118.7542847
5.473149845,4.738299667,4.867212666,0,48.04827079
31.99933761,49131.04705,3705.874281,0,250.4168439
24.69163075,213.8003425,350.6474213,683.6327672,864.1172799
124.6754211,74.88188548,74.86017415,0,0
124.6754211,74.88188548,74.86017415,0,0
124.6754211,74.88188548,74.86017415,0,0
135.4730844,8.158188908,8.25646027,173.8939512,128.0412649
12.32975655,12.63950688,19713.18941,0,83.96787579
16.92441672,39.1681995,43.38934913,0,24.17624144
35.98413574,16.81592671,16.78461118,24.81358765,37.38539164
19.71566148,10.00367812,9.861316931,69.15316472,40.91965547
37.56430601,44.14782706,37.5667243,56.83653568,107.9851281
9.144735775,8.130374327,7.897048973,0,30.96564561
7.004491769,6.427132503,6.555031097,40.23717165,139.5776157
94.49977236,378.5396603,562.1802373,540.9324011,1469.003855
41.71124312,49.67208433,46.43364267,53.21944361,45.08598492
36.40060844,36.48101612,36.29562492,51.07920217,92.82956363
37.71232152,39.47353408,26.47432952,43.84890646,41.0844524
141.1252183,141.2355978,141.3983472,53.74848531,113.5089756
46.58350676,14.63508343,209.4423296,0,0
10.5665232,9.491863943,9.578906327,0,155.9170344
12.09403904,11.69839381,16.94051326,36.89079289,39.03059858
36.40060844,36.48101612,8081.376744,0,92.82956363
31.95137328,21.04655647,21.19143179,55.68664438,427.6598527
19.94814553,49.19989833,84.7354778,49.63704597,102.3720137
12.86690414,328.0540109,53.8126849,84.98152716,192.9021854
8.133852224,1.834728605,9.789939163,166.1924616,177.3914035
13.71287939,3.748611946,3.537151478,81.85551702,81.10381643
50.97126902,6.738665483,6.582876481,0,50.36098208
36.81455208,3.174474315,2.984271347,0,6111.611774
5.925405806,25.39847717,4.566225567,32.26040495,38.58051643
0.897737605,0.788919302,0.799497024,33.88422413,101.8656366
9.439971514,9.464753321,77.93776833,38.38788061,151.6424435
10.85147113,272.1292297,271.8795368,0,268.1076498
31.66250497,460.272396,160.7855223,462.448776,158.965035
9.681209494,2.602230428,2.304440913,33.94659731,34.74129594
113.5625855,4.176432985,3.800682779,0,0
28.93231065,33.02195974,176.4619072,162.3478363,103.6772795
13.29359509,14.51981308,14.78641224,3333.487206,3300.591061
16.53512176,16.56803928,65.67903993,110.9817661,52.44354026
35.17722664,61.07107072,54.37892337,67.09020806,75.21300651
7.938265485,8.809128005,113.0869977,116.8357848,89.6611715
10.18714048,43.25028048,11.61960935,3346.012187,152.9829805
7.968728349,22.29858694,22.18935072,125.2047129,2306993.771
6.991729828,0.703647668,0.462301069,0,3675.098566
107.4092731,233.7703318,240.9765709,0,396.693213
4.183563355,3.933165093,3.999291647,0,1073.40596
8.643167128,7.844081847,66.60821141,0,72.79588733
3.679367866,7.115144024,6.980586057,0,45.96869214
11.32557327,75.40581113,11.44243993,61.94754317,48.56738709
1.463051841,40.37412442,31.26655448,47.21028287,0
102.0017083,85.75942582,73.82659207,0,0
20.42625927,243.3384198,249.6861783,0,0
16.39894637,63.23742313,57.53760971,60.66981754,35.94288845
56.28832191,215.7287564,30.78245188,214.4306896,231.981054
13.69184189,454.6096021,15.15278749,473.3592524,437.7294568
4.32458491,437.3125265,4.749080134,420.5887883,429.2066378
49.42570196,49.31017327,221.4448479,288.4556982,283.3231744
9.842341979,6.793013364,6.639859626,122.408236,127.1631708
9.736138707,12.26461886,12.55960329,0,96.77372852
21.9281555,3.370594881,3.050153844,1747.390556,24.5852932
12.0153398,80.15584465,90.03833887,74.39013513,20.98448373
224.5749791,22.25206359,16003.61914,0,36.09924954
24.63564969,24.51209436,184.1750144,89.92500488,4406.711202
7.616465218,18.29259445,18.48705146,49.51974111,366.2901553
10.40191204,11.87953845,11.99812636,0,102.8537655
36.50039958,36.42800411,36.22687299,91.83819917,93.08302023
25.11921862,96.15367487,79.19884833,93.08935436,66.68041209
36.50039958,36.42800411,36.22687299,91.83819917,93.08302023
28.51054026,11.21969624,194.0926186,194.6467509,332.9779932
12.27776128,438.8148776,5.079284059,81.82825951,337.3352852
13.46520078,12.83943655,12.69877505,0,2885.706157
7.651019636,10.31641965,10.46881448,2505.216602,2467.894177
11.09496476,31.61851489,27.42730136,32.469069,22.72996567
38.87518402,41.2200374,41.31490908,11.19937887,26.58426791
115.9469663,116.635065,109.7116268,0,153.3829471
11.97119108,11.49773794,46472.79469,0,131.9307632
23.95386889,23.933691,24.07115999,144.6266314,0
22.07927293,8.910156315,21.66868333,49.38459562,1422.36899
51.89985072,57.09001811,54.09054549,59.94060047,0
0.288992962,0.021546229,215.7992395,0,220.994194
0.288992962,0.021546229,215.7992395,0,220.994194
0.288992962,0.021546229,215.7992395,0,220.994194
163.6234178,518.5668846,194.3560437,0,3793886.494
31.22145213,3.529419972,679.9396034,135.4187151,133.7976119
142.6113418,148.9438503,162.6495831,154.7886354,445.7701189
54.88815142,9.724522629,9.48225812,62.26282581,0
4120.05112,4122.743038,4182.766047,4178.201352,4202.351241
7.182278879,12.05440147,11.93283185,0,200.8544817
6.319151898,7.043873854,6.937462138,46.43986018,75.69965045
8.000116315,7.812494192,2.351234485,0,0
0.867914925,127.047768,134.6306021,149.9916541,244.4686125
192.9809284,118.8888463,350.1499308,0,0
46.46519423,52.51789122,67.60974548,0,91.03877116
32.54381935,19.23850151,19.24345494,271.7690359,180.0258283
61.1056156,1701.219602,264.086899,0,0
0.240840451,0.024084045,0.224581595,133.456283,0
448.3030272,184.3447936,1078.482874,856.0426834,734.2704454
17.75624314,52.78160224,55.54706532,0,364.6035154
68.65802915,1775.076036,10.22816711,0,76.77359833
50.11227364,39.73160871,83.31049709,194.1529929,169.6496107
59.40436671,40620.35733,56.27650648,0,35.13908263
448.3030272,184.3447936,1078.482874,856.0426834,734.2704454
18.02332153,7.074745452,7.175309135,74.63869828,2307072.925
21.98207095,22.45099464,966.7472097,145.0134383,42.02559168
244.5951954,262.2247639,253.7046634,254.3694531,193.2829722
47.04264606,53.53416482,44.60889085,59.60369697,64.02036883
14.19593688,4.11535633,3.746620948,115.39661,114.2868076
104.4053452,6.345504122,6.110238104,497.5440231,552.894267
41.45160508,265.3795477,512.6735771,485.6406185,366.4059635
62.60877847,68.73717529,68.7384508,150.2516942,131.9270644
168.9002006,484.0479958,2941.887993,483.8589538,0
100.456734,2587.675049,285.1341434,0,40811.49998
27.11142939,225.2425932,218.597355,226.3926615,210.4416933
8.888131359,6.838994514,547.0514302,0,0
100.3995732,98.95631146,143.7348413,140.364136,174.3638035
119.3784635,140.7934769,311.6717963,150.715597,170.163117
13.03562144,16.70409668,6.019680315,0,25.0306161
109.7893988,138.4303355,126.0682414,183.0863057,421.4764955
10.26793683,2.137297794,349.4807476,336.1935578,345.4383015
268.7228462,4949.5667,277.5271045,292.8901437,276.111196
11.05627738,116.3714179,37.76624567,3317.447337,162.4687148
85.7234582,6157.288308,8699.744917,0,0
8.940775819,22.20723138,5040.933792,0,115.4932212
11.68711444,13.14099769,919.2027493,0,350.5998453
39.3021796,45.75265574,38.86925623,48.97282859,39.75774284
46.54644553,214.3114828,164.4752822,173.9363822,0
22.17692521,22.27723507,39.36057419,49.49739859,57.69487633
86.87390766,87.9984737,250.7258047,0,114.5946227
31.18992801,111.6189314,17.4643552,0,204.034751
52.27253711,45.79725676,285.5570487,0,2372.719883
124.6208233,22.24382913,22.04684521,279.2284834,293.7643571
23.54501173,24.26666601,24.51260522,71.45878445,47.05032015
3.898146905,0.077293977,0.184492298,110.3027078,91.01227186
129064.9638,7.757650424,5238.890525,0,3485952.433
108.9121214,106.4883855,106.2278759,323.4046227,0
1345.808145,906.8605411,906.8417616,1261.297174,1255.576857
201.7748015,208.7872403,79.42712514,0,259.5821563
118.5997014,103.6453732,93.98046009,0,111.1589341
118.5997014,103.6453732,93.98046009,0,111.1589341
121.8637783,34.624453,34.69853957,63.186358,122.42471
31.31316814,121.7027734,121.6891397,132.3017065,173.8178516
448.3030272,184.3447936,1078.482874,856.0426834,734.2704454
3115.44789,150.5486976,55.7818161,141.3791117,0
261.635482,269.9315791,269.852461,279.7820414,292.4828866
149.7748544,19.39229752,4132.501651,0,0
64.88638591,84.89329813,91.6628966,92.36451388,323.0254529
101.8778195,103.5443208,325.0860401,0,343.7455908
64.56311037,44.3444133,32.42209645,53.02662808,106.209874
25.21224386,0.057854136,0.380499754,111.5483677,0
19.80050963,21.22470863,20.94855478,183.7243477,94.54244951
256.8990629,231.4805626,225.4254089,223.9120236,0
53.8450512,58.98010032,59.05863126,2683.398278,2663.101014
26.9543914,28.38195528,110.5789219,114.9122467,0
3.548718119,3.883497701,3.793903355,0,51.95120287
148.8469261,153.2124581,153.1542411,0,89.11445364
8.327897525,7.117148805,35.06506618,0,42.62413284
32.43507013,39.34175703,6.422791473,79.80072967,83.32771919
13.3603674,13.0534312,12.83950888,51.39700333,42.76722809
3.354920789,111.7364044,2.327276369,0,118.7083998
9.24752315,23.90148364,7.79498432,82.43927121,75.01048955
10.33291727,10.49248683,10.42631557,38.36628809,15.50181992
14.23286146,14.50231185,36.57592124,41.42295776,0
7.708438583,8.094172004,23.41358844,38.64327406,0
5.331389182,6.765990088,6.611397649,0,134.96143
4.819369919,44.31959183,33.34384008,51.26301892,0
1.294402273,15.19253206,72.31176498,87.45877849,0
8.784642647,8.317817132,8.106214908,0,30.87730281
4.083148154,6.999516983,29.09939097,0,116.8524671
6.642804407,30.5194506,13.908545,0,40.80668036
1.582504992,3.408874479,3.599122859,59.81921954,97.16830176
7.39493324,5.789089271,5.731123817,34.05188896,0
17.73423578,14.79201166,14.91209409,0,35.67059087
5.190162449,40.41769712,5327.320291,0,45.40635666
11.41865065,11.8803959,23.86072539,37.71978522,38.58509914
4.589240442,3.610328781,52.99422632,61.09918692,57.41475691
1.845155327,1.679762436,234.9387624,230.8143598,202.4694554
4.09050047,3.369926406,81.61633408,87.82413101,105.9328886
8.709893831,8.363680466,51.08802496,158.6459354,155.941287
3.83755016,5.656693244,5.51661871,34.27717253,50.47293707
448.3030272,184.3447936,1078.482874,856.0426834,734.2704454
45.21291309,45.24755254,44.92644695,276.2416856,275.2130842
40.83962475,36.81528289,45.16370402,47.69961714,0
5.170682249,5.034713581,4.880223516,0,81.07949257
2.052477667,209.6107408,23975.66306,221.0986677,274.0755603
24.5335356,70.80646394,77.21361214,74.84419552,68.19825607
11.57577042,11.75774962,39.51579164,0,79.68988874
83.59932763,375.0076675,377.101613,378.8406125,381.4562513
118.6431839,380.7660074,95.50717716,385.2768672,373.3031463
64.56651394,93.57575521,90.65832461,90.87208923,59.95014655
43.93660334,45.83240919,54.59957901,53.80341707,57.03544976
448.3030272,184.3447936,1078.482874,856.0426834,734.2704454
478.6552234,478.8958005,21.22064561,492.7627884,515.4958507
19.71590627,19.54893976,19.58976692,0,836.656985
31.91940932,1655.0964,71.20578962,70.79688941,44.19370959
17.99659217,31.58141764,17.74632284,39.29478053,62.98957647
21.95637776,21.09842297,44.1542034,163.362719,44.96193839
24.84960172,34.65573751,41.18835366,49.25830599,103.5624901
211.2714229,256.7802563,308.7144664,220.7815332,224.9435019
66.21854185,188.0849557,4105.426112,177.8989425,123.1185018
65.95869017,4236.147378,15532.64209,0,201.5400256
52.93913558,29.8796005,2199.62815,0,88.73233868
104.2930592,109.4385913,100.7540905,0,118.6299771
25.40009123,2.940404537,3.112424915,0,64.03670387
193.5968592,11.91686604,815.128534,988.3414056,896.9999781
139.6374805,13.44727054,19620.73587,0,217.6579944
